Title,Detailed Prompt
"AI-Generated Content Tools","Build an AI-powered content creation tool that assists marketers in generating blog posts, social media content, and email campaigns with minimal input, featuring customizable templates and tone adjustments."
"AI Logo Generator","Create a web app that generates customizable SVG logos from simple text prompts, allowing users to tweak colors, fonts, and shapes, and export in multiple formats for branding purposes."
"Text-to-Image Editor with Version Tree","Develop an AI-driven image editor that converts text descriptions into images, with a version history tree to track and compare design iterations, enabling designers to explore multiple concepts."
"AI Voice Generator with Lip Sync","Build a voice synthesis tool that generates celebrity-like voices with synchronized lip movements for video content, including options to customize intonation and emotional expression."
"LLM Prompting Language","Design a specialized prompting language for large language models to improve interaction consistency and output quality, with user-friendly syntax and integration support."
"Financial Dashboard for SMEs","Develop a financial dashboard tailored for small and medium enterprises that tracks budgets, forecasts cash flow, and provides AI-driven financial insights and recommendations in real-time."
"Automated Invoice Generator","Create an automated invoice generator for freelancers and small businesses that supports recurring invoices, multiple currencies, payment tracking, and easy export options."
"Project Collaboration Hub","Build a centralized project collaboration platform with real-time task updates, communication tools, and customizable workflows adaptable to various team methodologies."
"Resume-to-Interview Pipeline","Develop a resume-to-interview pipeline tool that automates job applications by tailoring resumes to job descriptions and offers interview preparation resources."
"CRM for Service-Based Startups","Create a CRM system for service-based startups featuring client data management, automated follow-ups, personalized service tracking, and analytics dashboards."
"Adaptive Language Learning Platform","Build an adaptive language learning platform that adjusts content difficulty based on user progress, offers interactive exercises, and provides pronunciation feedback."
"Personalized Learning Paths","Develop a personalized learning path platform that creates custom educational journeys based on user goals, knowledge levels, and preferred learning styles, with progress tracking."
"Language Learning Game","Create a gamified language learning app with competitions, challenges, and rewards to motivate daily practice and enhance vocabulary retention."
"Collaborative Research Platform","Build a collaborative research platform that enables document sharing, editing, citation management, and coordination among academic institutions."
"Offline Study Resource Library","Develop an offline-capable study resource library as a progressive web app that compresses and manages educational content for students with limited internet access."
"Remote Work Wellness App","Create a wellness app focused on remote workers' mental health, featuring meditation exercises, team challenges, and work-life balance tracking."
"Fitness Tracker Progressive Web App","Build a fitness tracker progressive web app that works offline, syncs data when online, and includes workout planning, progress visualization, and community challenges."
"Mood Journal and Mental Health Tracker","Develop a mood journal and mental health tracker app that logs daily emotions, identifies patterns, and offers journaling prompts and visual mood analytics."
"Habit Tracker with Gamification","Create a habit tracker app with gamification elements like streaks, rewards, and social accountability to encourage consistent behavior."
"Plant Care Assistant","Build a plant care assistant app that provides care reminders, plant identification, troubleshooting guides, and a seasonal care calendar."
"Virtual Try-On for Fashion","Develop an augmented reality virtual try-on solution for fashion that accurately renders clothing and accessories with realistic sizing and textures."
"Inventory Management System","Create an inventory management system for small retailers with real-time tracking, automated restocking alerts, barcode scanning, and supplier management."
"Second-Hand Marketplace","Build a second-hand marketplace platform for authenticated used goods with condition verification, sustainable packaging options, and carbon footprint tracking."
"Local Farmer's Market Delivery","Develop a local farmer's market delivery app connecting producers and consumers, featuring seasonal availability, delivery scheduling, and recipe suggestions."
"Handmade Crafts Platform","Create a marketplace for handmade crafts that allows artisans to tell their story, showcase materials, and sell products with integrated payment processing."
"Book Discovery Community","Build a book discovery community platform with personalized recommendations, virtual book clubs, and social features like ratings and reviews."
"Recipe Sharing Social Network","Develop a recipe sharing social network with meal planning, ingredient substitution tools, ratings, comments, and collaborative cooking features."
"Labor Union Organization Tool","Create a secure labor union organization tool with end-to-end encryption, legal resources, and organizational strategy support."
"Local Community Bulletin Board","Build a local community bulletin board app for announcements, events, and resource sharing with resident verification and local business integration."
"Niche Interest Community Platform","Develop a niche interest community platform framework with content creation tools, moderation features, and member engagement analytics."
"Social Media Analytics Dashboard","Create a social media analytics dashboard that benchmarks performance, provides competitor insights, and offers content strategy recommendations."
"Supply Chain Analytics Platform","Build a supply chain analytics platform with real-time tracking, predictive analytics, and visualization tools to identify bottlenecks and inefficiencies."
"Hyperparam: Dataset Exploration Tool","Develop an open-source dataset exploration tool with interactive visualizations, optimized for large datasets and privacy protection."
"Data Visualization Creator","Create a data visualization creator tool that transforms complex data into clear visual reports with templates and no coding required."
"Kubernetes Logging Dashboard","Build a Kubernetes logging dashboard with real-time search, visual monitoring, alerting systems, and performance metrics."
"Carbon Footprint Calculator","Develop a carbon footprint calculator for businesses that tracks environmental impact, suggests reduction strategies, and offers certification pathways."
"Donation Matching Platform","Create a donation matching platform connecting businesses with charities, featuring impact reporting and engagement metrics."
"Sustainable Shopping Guide","Build a sustainable shopping guide app that rates products for environmental impact, offers alternatives, and includes barcode scanning."
"Community Service Coordinator","Develop a community service coordinator platform that matches volunteers with local opportunities based on skills and interests, with hour tracking."
"Circular Economy Marketplace","Create a circular economy marketplace for products designed for reuse, repair, and recycling, including lifecycle tracking and impact metrics."
"AI-Driven Agriculture Advisory System","Build an AI-driven agriculture advisory system that provides crop analysis, weather predictions, pest identification, and treatment recommendations."
"Telemedicine Platform for Specialists","Develop a telemedicine platform for specialists with secure virtual consultations, prescription management, and electronic health record integration."
"Event Management Suite","Create an event management suite for niche industries with vendor management, floor planning, attendee communication, and analytics."
"Web Automation Testing Tool","Build a web automation testing tool that automates web interactions and accessibility testing without coding knowledge, with detailed reporting."
"Privacy-Oriented Password Manager","Develop a privacy-oriented password manager that operates offline with strong encryption, cross-device syncing, and user-friendly interface."
"VR-Driven Workspace","Create a VR-driven workspace platform for remote teams with immersive collaboration, file sharing, and interactive whiteboards."
"Progressive Web App Template System","Build a progressive web app template system that enables quick development of offline-capable PWAs with service worker and push notification management."
"Blockchain Certificate Verification","Develop a blockchain-based certificate verification system for educational and professional credentials with secure, easy employer verification."
"AI Restaurant Booking System","Create an AI-powered restaurant booking system that optimizes table assignments, reduces wait times, and offers personalized dining recommendations."
"Augmented Reality City Guide","Build an augmented reality city guide PWA that overlays local attraction info, history, and services with offline maps and personalized suggestions."